{"info":{"year":"2025","version":"1","description":"Exported from roboflow.com","contributor":"","url":"https://public.roboflow.com/object-detection/undefined","date_created":"2025-03-06T20:45:23+00:00"},"licenses":[{"id":1,"url":"https://choosealicense.com/licenses/mit/","name":"MIT"}],"categories":[{"id":0,"name":"objects","supercategory":"none"},{"id":1,"name":"aswo_watermark","supercategory":"objects"}],"images":[{"id":0,"license":1,"file_name":"4055977005_jpg.rf.05fbbaf92fc913306fd211a74e9c1b71.jpg","height":640,"width":640,"date_captured":"2025-03-06T20:45:23+00:00"},{"id":1,"license":1,"file_name":"140129501098_jpg.rf.05630306ed9feea8ce13edc1ac09ff63.jpg","height":640,"width":640,"date_captured":"2025-03-06T20:45:23+00:00"},{"id":2,"license":1,"file_name":"140061255489_jpg.rf.0bef158aa264658174f87bbdb7fafec3.jpg","height":640,"width":640,"date_captured":"2025-03-06T20:45:23+00:00"},{"id":3,"license":1,"file_name":"140220381010_jpg.rf.04e9d835497e06518a8db8295b6413af.jpg","height":640,"width":640,"date_captured":"2025-03-06T20:45:23+00:00"},{"id":4,"license":1,"file_name":"140198887048_jpg.rf.0279300788a10f070b7bb5eafb9aa2a7.jpg","height":640,"width":640,"date_captured":"2025-03-06T20:45:23+00:00"},{"id":5,"license":1,"file_name":"4055954301_jpg.rf.055199c820f2138cbb363357ef558d92.jpg","height":640,"width":640,"date_captured":"2025-03-06T20:45:23+00:00"},{"id":6,"license":1,"file_name":"140117211031_jpg.rf.062f6e2b738cfb5048720989511a9a80.jpg","height":640,"width":640,"date_captured":"2025-03-06T20:45:23+00:00"},{"id":7,"license":1,"file_name":"140237350016_jpg.rf.0a411a27586fc557797dbde2535ba10a.jpg","height":640,"width":640,"date_captured":"2025-03-06T20:45:23+00:00"},{"id":8,"license":1,"file_name":"4055952735_jpg.rf.00a8bfe0780c19a14bdc5642f669f588.jpg","height":640,"width":640,"date_captured":"2025-03-06T20:45:23+00:00"},{"id":9,"license":1,"file_name":"140273397020_jpg.rf.17ad7a3da9a0ed1a69e93d0ecc71e9d4.jpg","height":640,"width":640,"date_captured":"2025-03-06T20:45:23+00:00"},{"id":10,"license":1,"file_name":"4055948527_jpg.rf.1111be7dfae55fee7f00bd312ccd88b8.jpg","height":640,"width":640,"date_captured":"2025-03-06T20:45:23+00:00"},{"id":11,"license":1,"file_name":"140039205525_jpg.rf.0b3c9c27262d9d80e0a39285ad313733.jpg","height":640,"width":640,"date_captured":"2025-03-06T20:45:23+00:00"},{"id":12,"license":1,"file_name":"140262629011_jpg.rf.111cfcb051734e92962276709c655ffb.jpg","height":640,"width":640,"date_captured":"2025-03-06T20:45:23+00:00"},{"id":13,"license":1,"file_name":"4055943106_jpg.rf.159de1522f7ea7103a9f9eb9f589dd66.jpg","height":640,"width":640,"date_captured":"2025-03-06T20:45:23+00:00"},{"id":14,"license":1,"file_name":"140262280013_jpg.rf.17d57df6bc2ab20ae218c193e3f5b8fb.jpg","height":640,"width":640,"date_captured":"2025-03-06T20:45:23+00:00"},{"id":15,"license":1,"file_name":"9029865897_jpg.rf.1962fb260655863d35b8368de4e407b3.jpg","height":640,"width":640,"date_captured":"2025-03-06T20:45:23+00:00"},{"id":16,"license":1,"file_name":"4055954327_jpg.rf.0f7a0aa63d91770b1665cccbe706a54e.jpg","height":640,"width":640,"date_captured":"2025-03-06T20:45:23+00:00"},{"id":17,"license":1,"file_name":"140179539071_jpg.rf.0ceab08d5bd3ed74744c12be1c86bf9a.jpg","height":640,"width":640,"date_captured":"2025-03-06T20:45:23+00:00"},{"id":18,"license":1,"file_name":"4055791026_jpg.rf.1731c41581e47ca326eeeb41f907a81b.jpg","height":640,"width":640,"date_captured":"2025-03-06T20:45:23+00:00"},{"id":19,"license":1,"file_name":"140223287032_jpg.rf.0cec4dc4b56e1dfc7b1e2d6bf745b619.jpg","height":640,"width":640,"date_captured":"2025-03-06T20:45:23+00:00"},{"id":20,"license":1,"file_name":"9029866051_jpg.rf.184ece4d8ccda8d0c5d0fb4cc2707f53.jpg","height":640,"width":640,"date_captured":"2025-03-06T20:45:23+00:00"},{"id":21,"license":1,"file_name":"140200009045_jpg.rf.152a454080e89e91e448c27c227184c7.jpg","height":640,"width":640,"date_captured":"2025-03-06T20:45:23+00:00"},{"id":22,"license":1,"file_name":"4055788311_jpg.rf.165e1fb2aa8f1790d306142059e53b22.jpg","height":640,"width":640,"date_captured":"2025-03-06T20:45:23+00:00"},{"id":23,"license":1,"file_name":"140201612011_jpg.rf.1a8daac2ee9013db01264535b4013b83.jpg","height":640,"width":640,"date_captured":"2025-03-06T20:45:23+00:00"},{"id":24,"license":1,"file_name":"8588072470020_jpg.rf.1aa31078d1b8a0697dbe1d9d15e99787.jpg","height":640,"width":640,"date_captured":"2025-03-06T20:45:23+00:00"},{"id":25,"license":1,"file_name":"8582651108259_jpg.rf.1be0b07e450698da708ce6a7afa4168a.jpg","height":640,"width":640,"date_captured":"2025-03-06T20:45:23+00:00"},{"id":26,"license":1,"file_name":"140206401097_jpg.rf.1aeed74a44166149c39bc9b756286844.jpg","height":640,"width":640,"date_captured":"2025-03-06T20:45:23+00:00"},{"id":27,"license":1,"file_name":"4055954491_jpg.rf.1cce1c86acd351825d2061e72ab2481e.jpg","height":640,"width":640,"date_captured":"2025-03-06T20:45:23+00:00"},{"id":28,"license":1,"file_name":"140198818019_jpg.rf.172b5d04b24bda518628f19155fadf47.jpg","height":640,"width":640,"date_captured":"2025-03-06T20:45:23+00:00"},{"id":29,"license":1,"file_name":"140203593235_jpg.rf.1d55ecbfaf6409bc7e737dc3cbb13aff.jpg","height":640,"width":640,"date_captured":"2025-03-06T20:45:23+00:00"},{"id":30,"license":1,"file_name":"8581170481874_jpg.rf.33680f83c47e75e4fa4ccc9ded16f685.jpg","height":640,"width":640,"date_captured":"2025-03-06T20:45:23+00:00"},{"id":31,"license":1,"file_name":"140198833042_jpg.rf.2b384c056c9d71fbba7b5ad4ee5f3202.jpg","height":640,"width":640,"date_captured":"2025-03-06T20:45:23+00:00"},{"id":32,"license":1,"file_name":"140130529195_jpg.rf.2a19e3988d699885855777c83ae57f10.jpg","height":640,"width":640,"date_captured":"2025-03-06T20:45:23+00:00"},{"id":33,"license":1,"file_name":"140153618040_jpg.rf.1bfc8677fa65903cef9c3b92783bf3fd.jpg","height":640,"width":640,"date_captured":"2025-03-06T20:45:23+00:00"},{"id":34,"license":1,"file_name":"140206402053_jpg.rf.1411ec341978ffeb1691f0569a111dde.jpg","height":640,"width":640,"date_captured":"2025-03-06T20:45:23+00:00"},{"id":35,"license":1,"file_name":"8583558021025_jpg.rf.1c38b3432fabbb69f125e863a325d0b5.jpg","height":640,"width":640,"date_captured":"2025-03-06T20:45:23+00:00"},{"id":36,"license":1,"file_name":"4060002609_jpg.rf.28aead16fe4663afa8e6be6bc1ae2052.jpg","height":640,"width":640,"date_captured":"2025-03-06T20:45:23+00:00"},{"id":37,"license":1,"file_name":"140199794078_jpg.rf.2c3ac4dd996a99f076d6d633ab5d62c1.jpg","height":640,"width":640,"date_captured":"2025-03-06T20:45:23+00:00"},{"id":38,"license":1,"file_name":"140152530048_jpg.rf.1cf87f1611233169f5550a86e1493a68.jpg","height":640,"width":640,"date_captured":"2025-03-06T20:45:23+00:00"},{"id":39,"license":1,"file_name":"8588087104291_jpg.rf.25f4eabccb3eff2d51a91a4e5189d40b.jpg","height":640,"width":640,"date_captured":"2025-03-06T20:45:23+00:00"},{"id":40,"license":1,"file_name":"140223281027_jpg.rf.2b6c143a60119006e4569b9419192605.jpg","height":640,"width":640,"date_captured":"2025-03-06T20:45:23+00:00"},{"id":41,"license":1,"file_name":"140026304117_jpg.rf.2bd86ac7b866a774b05348ed6401a4b0.jpg","height":640,"width":640,"date_captured":"2025-03-06T20:45:23+00:00"},{"id":42,"license":1,"file_name":"4055956827_jpg.rf.3120dbad5fc3082066aba5f529c8354b.jpg","height":640,"width":640,"date_captured":"2025-03-06T20:45:23+00:00"},{"id":43,"license":1,"file_name":"8582651107673_jpg.rf.3c8a90dcde23520eafaed3ceb5c9a6fc.jpg","height":640,"width":640,"date_captured":"2025-03-06T20:45:23+00:00"},{"id":44,"license":1,"file_name":"3578611109_jpg.rf.3a8d6f8a83167ae8af18ae1d6a9da757.jpg","height":640,"width":640,"date_captured":"2025-03-06T20:45:23+00:00"},{"id":45,"license":1,"file_name":"9009233686_jpg.rf.3bc50f408555e4dce27de115e6f18088.jpg","height":640,"width":640,"date_captured":"2025-03-06T20:45:23+00:00"},{"id":46,"license":1,"file_name":"140199794052_jpg.rf.3f82872e9bb6c1daad55a1c87f57002b.jpg","height":640,"width":640,"date_captured":"2025-03-06T20:45:23+00:00"},{"id":47,"license":1,"file_name":"140200009011_jpg.rf.3af5e99c8c96943475e6452fd8225f0e.jpg","height":640,"width":640,"date_captured":"2025-03-06T20:45:23+00:00"},{"id":48,"license":1,"file_name":"3577259223_jpg.rf.439980d875faa0e573b18ff96fa1da99.jpg","height":640,"width":640,"date_captured":"2025-03-06T20:45:23+00:00"},{"id":49,"license":1,"file_name":"8581324807495_jpg.rf.3676e8a74967a16005502499192bed12.jpg","height":640,"width":640,"date_captured":"2025-03-06T20:45:23+00:00"},{"id":50,"license":1,"file_name":"140229155050_jpg.rf.447d8553be8608023894e8c89104b50a.jpg","height":640,"width":640,"date_captured":"2025-03-06T20:45:23+00:00"},{"id":51,"license":1,"file_name":"140264217013_jpg.rf.24b7620f60d340d25e9499c4e7a6f8d8.jpg","height":640,"width":640,"date_captured":"2025-03-06T20:45:23+00:00"},{"id":52,"license":1,"file_name":"140242308033_jpg.rf.2f8bc59d88d40dacdeb2ad1f76607b51.jpg","height":640,"width":640,"date_captured":"2025-03-06T20:45:23+00:00"},{"id":53,"license":1,"file_name":"140211285303_jpg.rf.5365140bf4b3f0d73776156eded8c3bb.jpg","height":640,"width":640,"date_captured":"2025-03-06T20:45:23+00:00"},{"id":54,"license":1,"file_name":"8087937069_jpg.rf.40ef87b3f986a58a49d0c1513d263739.jpg","height":640,"width":640,"date_captured":"2025-03-06T20:45:23+00:00"},{"id":55,"license":1,"file_name":"140219419011_jpg.rf.390ef222b93d731aef979164f3efc59b.jpg","height":640,"width":640,"date_captured":"2025-03-06T20:45:23+00:00"},{"id":56,"license":1,"file_name":"9029865608_jpg.rf.4bd8dd92e16ec86935800837e2f44d12.jpg","height":640,"width":640,"date_captured":"2025-03-06T20:45:23+00:00"},{"id":57,"license":1,"file_name":"4055784393_jpg.rf.46b6592960d344b292529d7f7c010bb7.jpg","height":640,"width":640,"date_captured":"2025-03-06T20:45:23+00:00"},{"id":58,"license":1,"file_name":"140222218020_jpg.rf.5170abb5acfb638dec3fbda99a303955.jpg","height":640,"width":640,"date_captured":"2025-03-06T20:45:23+00:00"},{"id":59,"license":1,"file_name":"140233970015_jpg.rf.5007bf6b8a4dd49eedca721c202d77d5.jpg","height":640,"width":640,"date_captured":"2025-03-06T20:45:23+00:00"},{"id":60,"license":1,"file_name":"9029865863_jpg.rf.4f2b61453584dde438c67b5991244cec.jpg","height":640,"width":640,"date_captured":"2025-03-06T20:45:23+00:00"},{"id":61,"license":1,"file_name":"4055973491_jpg.rf.47dcdc630767e371d30a02bc07555b40.jpg","height":640,"width":640,"date_captured":"2025-03-06T20:45:23+00:00"},{"id":62,"license":1,"file_name":"140223287040_jpg.rf.53b5160988d801be44907da459420421.jpg","height":640,"width":640,"date_captured":"2025-03-06T20:45:23+00:00"},{"id":63,"license":1,"file_name":"140200009029_jpg.rf.46eaae863ea560ec0b6f1b591b835d85.jpg","height":640,"width":640,"date_captured":"2025-03-06T20:45:23+00:00"},{"id":64,"license":1,"file_name":"4055791299_jpg.rf.3cb28d228521362c4ceef811ea8c8ab6.jpg","height":640,"width":640,"date_captured":"2025-03-06T20:45:23+00:00"},{"id":65,"license":1,"file_name":"9029803674_jpg.rf.4fbbc22be01732a2adce27dead8e02ca.jpg","height":640,"width":640,"date_captured":"2025-03-06T20:45:23+00:00"},{"id":66,"license":1,"file_name":"140218433039_jpg.rf.4bd30b148dde4e958b9d4112acf6c532.jpg","height":640,"width":640,"date_captured":"2025-03-06T20:45:23+00:00"},{"id":67,"license":1,"file_name":"8588074876612_jpg.rf.44875905da8786874f937fb70542c90d.jpg","height":640,"width":640,"date_captured":"2025-03-06T20:45:23+00:00"},{"id":68,"license":1,"file_name":"8079527548_jpg.rf.4e4e9739363c79b545378a1ba5b292bf.jpg","height":640,"width":640,"date_captured":"2025-03-06T20:45:23+00:00"},{"id":69,"license":1,"file_name":"140229313014_jpg.rf.58467f28bfe7ee2082dcc69e64182417.jpg","height":640,"width":640,"date_captured":"2025-03-06T20:45:23+00:00"},{"id":70,"license":1,"file_name":"4055961751_jpg.rf.53da41f188ed5089e0053e3af1900ae7.jpg","height":640,"width":640,"date_captured":"2025-03-06T20:45:23+00:00"},{"id":71,"license":1,"file_name":"140281752018_jpg.rf.58d0f9cdd3d0a65ec7cee057be11a3dd.jpg","height":640,"width":640,"date_captured":"2025-03-06T20:45:23+00:00"},{"id":72,"license":1,"file_name":"140223130042_jpg.rf.5600e6862449bff9430e1e0006a70c15.jpg","height":640,"width":640,"date_captured":"2025-03-06T20:45:23+00:00"},{"id":73,"license":1,"file_name":"140044505281_jpg.rf.59a71e2ad86f01e3f50d5c8edcccc4bb.jpg","height":640,"width":640,"date_captured":"2025-03-06T20:45:23+00:00"},{"id":74,"license":1,"file_name":"1523236030_jpg.rf.5a4ba6634566bc69bd21b073733a7d7b.jpg","height":640,"width":640,"date_captured":"2025-03-06T20:45:23+00:00"},{"id":75,"license":1,"file_name":"4055678074_jpg.rf.56c0b082e3b671a67ab4fd04365680f2.jpg","height":640,"width":640,"date_captured":"2025-03-06T20:45:23+00:00"},{"id":76,"license":1,"file_name":"140198382040_jpg.rf.59fe3a8afed3e03f01e61972b119e62c.jpg","height":640,"width":640,"date_captured":"2025-03-06T20:45:23+00:00"},{"id":77,"license":1,"file_name":"140215962014_jpg.rf.5d676a580be50d37914de77e2f672e94.jpg","height":640,"width":640,"date_captured":"2025-03-06T20:45:23+00:00"},{"id":78,"license":1,"file_name":"3577259199_jpg.rf.5f68e4ab6cb78a9eb2ca54452c621495.jpg","height":640,"width":640,"date_captured":"2025-03-06T20:45:23+00:00"},{"id":79,"license":1,"file_name":"140000450035_jpg.rf.6672b26693f0b3c25979a5155b76c8cb.jpg","height":640,"width":640,"date_captured":"2025-03-06T20:45:23+00:00"},{"id":80,"license":1,"file_name":"140208196026_jpg.rf.6a7ea6934b87bd0856d3b482e88a3225.jpg","height":640,"width":640,"date_captured":"2025-03-06T20:45:23+00:00"},{"id":81,"license":1,"file_name":"8582914780233_jpg.rf.660add387d7fca0a3730b4d07cd71d10.jpg","height":640,"width":640,"date_captured":"2025-03-06T20:45:23+00:00"},{"id":82,"license":1,"file_name":"140281403018_jpg.rf.55e927a9dd13cc7990ac91a36b09bc5c.jpg","height":640,"width":640,"date_captured":"2025-03-06T20:45:23+00:00"},{"id":83,"license":1,"file_name":"140125033690_jpg.rf.5e31d9915f62d00c93ff8fba78faecf9.jpg","height":640,"width":640,"date_captured":"2025-03-06T20:45:23+00:00"},{"id":84,"license":1,"file_name":"140114444098_jpg.rf.65f22019cbdc7999c44edf7904b82167.jpg","height":640,"width":640,"date_captured":"2025-03-06T20:45:23+00:00"},{"id":85,"license":1,"file_name":"140184866048_jpg.rf.5b12678291aadc5833db4eb76a09ee86.jpg","height":640,"width":640,"date_captured":"2025-03-06T20:45:23+00:00"},{"id":86,"license":1,"file_name":"8581326842110_jpg.rf.68ab426f30f0a97bda2c92c5e0316f5c.jpg","height":640,"width":640,"date_captured":"2025-03-06T20:45:23+00:00"},{"id":87,"license":1,"file_name":"4055791075_jpg.rf.6b2556dcdd1f5ca664afd21aca745034.jpg","height":640,"width":640,"date_captured":"2025-03-06T20:45:23+00:00"},{"id":88,"license":1,"file_name":"140237016021_jpg.rf.694b94620ea4c2452ed9a5e5d1d632a3.jpg","height":640,"width":640,"date_captured":"2025-03-06T20:45:23+00:00"},{"id":89,"license":1,"file_name":"1924994682_jpg.rf.61a528189a8251c43c6e10068c19ab7c.jpg","height":640,"width":640,"date_captured":"2025-03-06T20:45:23+00:00"},{"id":90,"license":1,"file_name":"140037712043_jpg.rf.62a8eb1520d1e6dfd2ad7cecda81f99f.jpg","height":640,"width":640,"date_captured":"2025-03-06T20:45:23+00:00"},{"id":91,"license":1,"file_name":"2062811381_jpg.rf.5f69b6418c0b4911b399f759d278f97c.jpg","height":640,"width":640,"date_captured":"2025-03-06T20:45:23+00:00"},{"id":92,"license":1,"file_name":"8581561631095_jpg.rf.71aaa9bed84a7017ca702348725046e6.jpg","height":640,"width":640,"date_captured":"2025-03-06T20:45:23+00:00"},{"id":93,"license":1,"file_name":"4055949673_jpg.rf.63249a2addf4925248924f8c667f71ae.jpg","height":640,"width":640,"date_captured":"2025-03-06T20:45:23+00:00"},{"id":94,"license":1,"file_name":"140278543024_jpg.rf.69b709cb9feee2b74eaa4fa613360a17.jpg","height":640,"width":640,"date_captured":"2025-03-06T20:45:23+00:00"},{"id":95,"license":1,"file_name":"140284188020_jpg.rf.6ad3dd29e8306f25e76139b55ca20e07.jpg","height":640,"width":640,"date_captured":"2025-03-06T20:45:23+00:00"},{"id":96,"license":1,"file_name":"140231765011_jpg.rf.712f96a740413a9d1cd6ae762299aab5.jpg","height":640,"width":640,"date_captured":"2025-03-06T20:45:23+00:00"},{"id":97,"license":1,"file_name":"140022557049_jpg.rf.69ac543546ab419305bf4673c2a3594a.jpg","height":640,"width":640,"date_captured":"2025-03-06T20:45:23+00:00"},{"id":98,"license":1,"file_name":"8074876353_jpg.rf.72f58ab51d0814a00e7bbd92724f5401.jpg","height":640,"width":640,"date_captured":"2025-03-06T20:45:23+00:00"},{"id":99,"license":1,"file_name":"140270264017_jpg.rf.6f36d08e7e785c1bd06956c81fb9d966.jpg","height":640,"width":640,"date_captured":"2025-03-06T20:45:23+00:00"},{"id":100,"license":1,"file_name":"140208197024_jpg.rf.78ba89024babd4e2dd5bd290da27e26c.jpg","height":640,"width":640,"date_captured":"2025-03-06T20:45:23+00:00"},{"id":101,"license":1,"file_name":"3577259207_jpg.rf.7a8909482c2360a16bf036f8c32ced33.jpg","height":640,"width":640,"date_captured":"2025-03-06T20:45:23+00:00"},{"id":102,"license":1,"file_name":"4055949566_jpg.rf.7a9149b40024f7b1ed43d76ab9de8529.jpg","height":640,"width":640,"date_captured":"2025-03-06T20:45:23+00:00"},{"id":103,"license":1,"file_name":"4055961975_jpg.rf.783df84cab0947e06015576b21d5892c.jpg","height":640,"width":640,"date_captured":"2025-03-06T20:45:23+00:00"},{"id":104,"license":1,"file_name":"4055948550_jpg.rf.8172ba273a0929b79748b5844b558bf8.jpg","height":640,"width":640,"date_captured":"2025-03-06T20:45:23+00:00"},{"id":105,"license":1,"file_name":"4055954228_jpg.rf.7936e11e66743b134fedfc62eb6e614f.jpg","height":640,"width":640,"date_captured":"2025-03-06T20:45:23+00:00"},{"id":106,"license":1,"file_name":"140172872016_jpg.rf.927fc676daf780fdd724f7474f84ccd8.jpg","height":640,"width":640,"date_captured":"2025-03-06T20:45:23+00:00"},{"id":107,"license":1,"file_name":"140217149040_jpg.rf.7bd7651acf7602b89fac8a9aa31011e8.jpg","height":640,"width":640,"date_captured":"2025-03-06T20:45:23+00:00"},{"id":108,"license":1,"file_name":"9029866168_jpg.rf.85070e5b01afe858609aa4e197cbba7b.jpg","height":640,"width":640,"date_captured":"2025-03-06T20:45:23+00:00"},{"id":109,"license":1,"file_name":"140237094010_jpg.rf.906913990b5820eddcb91d0e4051fe0b.jpg","height":640,"width":640,"date_captured":"2025-03-06T20:45:23+00:00"},{"id":110,"license":1,"file_name":"140184866014_jpg.rf.7d73d7e13ee1fb0d5246d65cf4c9f9e3.jpg","height":640,"width":640,"date_captured":"2025-03-06T20:45:23+00:00"},{"id":111,"license":1,"file_name":"140245706035_jpg.rf.891571fad3d46715a0dab7a6f8dc23a3.jpg","height":640,"width":640,"date_captured":"2025-03-06T20:45:23+00:00"},{"id":112,"license":1,"file_name":"4055956900_jpg.rf.9442dcf4a2abfee782c15009b49864aa.jpg","height":640,"width":640,"date_captured":"2025-03-06T20:45:23+00:00"},{"id":113,"license":1,"file_name":"4055956009_jpg.rf.939cda4ac5caf39e003dcf82fbff1f53.jpg","height":640,"width":640,"date_captured":"2025-03-06T20:45:23+00:00"},{"id":114,"license":1,"file_name":"4055788279_jpg.rf.73eed5418a5420ab9057a16129856af2.jpg","height":640,"width":640,"date_captured":"2025-03-06T20:45:23+00:00"},{"id":115,"license":1,"file_name":"8581366110113_jpg.rf.94ed0a40df387f382fdcf58ebefdabc2.jpg","height":640,"width":640,"date_captured":"2025-03-06T20:45:23+00:00"},{"id":116,"license":1,"file_name":"4055740320_jpg.rf.87a7ae1fef12fb10aa28b91ac88242e9.jpg","height":640,"width":640,"date_captured":"2025-03-06T20:45:23+00:00"},{"id":117,"license":1,"file_name":"140013554096_jpg.rf.7f00ffe0cb94d4e60ceea851b2cb6a70.jpg","height":640,"width":640,"date_captured":"2025-03-06T20:45:23+00:00"},{"id":118,"license":1,"file_name":"140978138018_jpg.rf.89e6d326173167dcf24b00cc28ecef91.jpg","height":640,"width":640,"date_captured":"2025-03-06T20:45:23+00:00"},{"id":119,"license":1,"file_name":"140180825022_jpg.rf.7e2fb3a1aab8c4715b9cba71f03dbc1f.jpg","height":640,"width":640,"date_captured":"2025-03-06T20:45:23+00:00"},{"id":120,"license":1,"file_name":"140282455017_jpg.rf.8dd80e7ad2b77c0db8bd9ac1c1690526.jpg","height":640,"width":640,"date_captured":"2025-03-06T20:45:23+00:00"},{"id":121,"license":1,"file_name":"4055793550_jpg.rf.9d862fa7415d96fb695631f0699093c5.jpg","height":640,"width":640,"date_captured":"2025-03-06T20:45:23+00:00"},{"id":122,"license":1,"file_name":"140233971013_jpg.rf.a64a657bc30b65eb8c31b247616231ef.jpg","height":640,"width":640,"date_captured":"2025-03-06T20:45:23+00:00"},{"id":123,"license":1,"file_name":"9029866119_jpg.rf.a8ab751fd081f55f511c317712f6b5e9.jpg","height":640,"width":640,"date_captured":"2025-03-06T20:45:23+00:00"},{"id":124,"license":1,"file_name":"9009235020_jpg.rf.9c02a29ba1b09388ad77ea04476e6abd.jpg","height":640,"width":640,"date_captured":"2025-03-06T20:45:23+00:00"},{"id":125,"license":1,"file_name":"9029865350_jpg.rf.81f01156ba0e86c39192df11a9aa9f83.jpg","height":640,"width":640,"date_captured":"2025-03-06T20:45:23+00:00"},{"id":126,"license":1,"file_name":"140200009037_jpg.rf.a5b606ed08ef87a24ffa5c9b58cd219c.jpg","height":640,"width":640,"date_captured":"2025-03-06T20:45:23+00:00"},{"id":127,"license":1,"file_name":"8581366019017_jpg.rf.a8d3c081ef8bcbe1e7e016a6aee3aaaf.jpg","height":640,"width":640,"date_captured":"2025-03-06T20:45:23+00:00"},{"id":128,"license":1,"file_name":"9009237687_jpg.rf.ad7bab17208be0e322d7e5bd8b4997dc.jpg","height":640,"width":640,"date_captured":"2025-03-06T20:45:23+00:00"},{"id":129,"license":1,"file_name":"140237305010_jpg.rf.81cab79c3a0a7326ec1cfb915ffb5fe4.jpg","height":640,"width":640,"date_captured":"2025-03-06T20:45:23+00:00"},{"id":130,"license":1,"file_name":"140250495037_jpg.rf.abf7bb8804cd353e17503f371d66c4e7.jpg","height":640,"width":640,"date_captured":"2025-03-06T20:45:23+00:00"},{"id":131,"license":1,"file_name":"140072023017_jpg.rf.a57486b6ad09b4045b2b9412e6cd8760.jpg","height":640,"width":640,"date_captured":"2025-03-06T20:45:23+00:00"},{"id":132,"license":1,"file_name":"140129501106_jpg.rf.b10a72c2c8c58de6cc96d069141835f7.jpg","height":640,"width":640,"date_captured":"2025-03-06T20:45:23+00:00"},{"id":133,"license":1,"file_name":"8582265426469_jpg.rf.982a9e5725edf1570147e8fcf56dab2b.jpg","height":640,"width":640,"date_captured":"2025-03-06T20:45:23+00:00"},{"id":134,"license":1,"file_name":"8074683072_jpg.rf.af2e10e836d5d8388a02c9318f3f89a6.jpg","height":640,"width":640,"date_captured":"2025-03-06T20:45:23+00:00"},{"id":135,"license":1,"file_name":"140245658038_jpg.rf.a761af9e3a40eeb8a0df12d5787ee0a9.jpg","height":640,"width":640,"date_captured":"2025-03-06T20:45:23+00:00"},{"id":136,"license":1,"file_name":"4055949608_jpg.rf.b1f3db906f42882355c7573404316c30.jpg","height":640,"width":640,"date_captured":"2025-03-06T20:45:23+00:00"},{"id":137,"license":1,"file_name":"140245831023_jpg.rf.b6dfeee538f9469a660ad978b2da874b.jpg","height":640,"width":640,"date_captured":"2025-03-06T20:45:23+00:00"},{"id":138,"license":1,"file_name":"140225485394_jpg.rf.b03df9c6b0eb0cbb18f3b1d38093aab2.jpg","height":640,"width":640,"date_captured":"2025-03-06T20:45:23+00:00"},{"id":139,"license":1,"file_name":"140061255497_jpg.rf.c5bdc4d7179f7716c40d4c5b9c2154cf.jpg","height":640,"width":640,"date_captured":"2025-03-06T20:45:23+00:00"},{"id":140,"license":1,"file_name":"4055742052_jpg.rf.bc2f0a7b7826a0f427430503fd9e6fdb.jpg","height":640,"width":640,"date_captured":"2025-03-06T20:45:23+00:00"},{"id":141,"license":1,"file_name":"140190994016_jpg.rf.b503f3950151814c22b0269598eca3cb.jpg","height":640,"width":640,"date_captured":"2025-03-06T20:45:23+00:00"},{"id":142,"license":1,"file_name":"4055949707_jpg.rf.a33f9822dde4c3967721959073b6e990.jpg","height":640,"width":640,"date_captured":"2025-03-06T20:45:23+00:00"},{"id":143,"license":1,"file_name":"8582651106469_jpg.rf.ba73516c8e9b5def4127e446db4f44d1.jpg","height":640,"width":640,"date_captured":"2025-03-06T20:45:23+00:00"},{"id":144,"license":1,"file_name":"140273409015_jpg.rf.c12b7d22fdb5e00bc3d90e042ce939f3.jpg","height":640,"width":640,"date_captured":"2025-03-06T20:45:23+00:00"},{"id":145,"license":1,"file_name":"140211655026_jpg.rf.c3f547cf295bbfc0c344770876942924.jpg","height":640,"width":640,"date_captured":"2025-03-06T20:45:23+00:00"},{"id":146,"license":1,"file_name":"140206401105_jpg.rf.beb7751c7b8041f75c3a13acfc70f02c.jpg","height":640,"width":640,"date_captured":"2025-03-06T20:45:23+00:00"},{"id":147,"license":1,"file_name":"140238402014_jpg.rf.bb3fea1c42082d80e5ca1e9d37842e5d.jpg","height":640,"width":640,"date_captured":"2025-03-06T20:45:23+00:00"},{"id":148,"license":1,"file_name":"4055949723_jpg.rf.bdcd61d0683a18c2ccfe009a13aa2d5b.jpg","height":640,"width":640,"date_captured":"2025-03-06T20:45:23+00:00"},{"id":149,"license":1,"file_name":"8582651065178_jpg.rf.c6f738a858398f264a30cf2dee33045c.jpg","height":640,"width":640,"date_captured":"2025-03-06T20:45:23+00:00"},{"id":150,"license":1,"file_name":"1174849024_jpg.rf.b1b881174f68d200cab084303c46f009.jpg","height":640,"width":640,"date_captured":"2025-03-06T20:45:23+00:00"},{"id":151,"license":1,"file_name":"140027756034_jpg.rf.c4a1e96a9c49c8fec50bc7ea613dd944.jpg","height":640,"width":640,"date_captured":"2025-03-06T20:45:23+00:00"},{"id":152,"license":1,"file_name":"4055975033_jpg.rf.cd07101db9b3a8b0a7a20304c5f4e9e5.jpg","height":640,"width":640,"date_captured":"2025-03-06T20:45:23+00:00"},{"id":153,"license":1,"file_name":"4055554564_jpg.rf.ce1141235ff760962d8028d22af59a43.jpg","height":640,"width":640,"date_captured":"2025-03-06T20:45:23+00:00"},{"id":154,"license":1,"file_name":"140199794037_jpg.rf.cbe8ba3fbe0c107530581f7ff7133a82.jpg","height":640,"width":640,"date_captured":"2025-03-06T20:45:23+00:00"},{"id":155,"license":1,"file_name":"140250311010_jpg.rf.ccb9d46115109cf6ff8d2a994e7c3200.jpg","height":640,"width":640,"date_captured":"2025-03-06T20:45:23+00:00"},{"id":156,"license":1,"file_name":"140163277134_jpg.rf.b8875d111a10002e750f3e44247f325c.jpg","height":640,"width":640,"date_captured":"2025-03-06T20:45:23+00:00"},{"id":157,"license":1,"file_name":"4055949715_jpg.rf.dfb5b6aa4455d58af1a9d000131ef214.jpg","height":640,"width":640,"date_captured":"2025-03-06T20:45:23+00:00"},{"id":158,"license":1,"file_name":"9029865327_jpg.rf.cf376dc1bf28eea4363c80112f427225.jpg","height":640,"width":640,"date_captured":"2025-03-06T20:45:23+00:00"},{"id":159,"license":1,"file_name":"140217286016_jpg.rf.d684cf74a0048905a8a60944769c1fd8.jpg","height":640,"width":640,"date_captured":"2025-03-06T20:45:23+00:00"},{"id":160,"license":1,"file_name":"140139227080_jpg.rf.e17944f6d8b025b2275ecbd2461f6e5a.jpg","height":640,"width":640,"date_captured":"2025-03-06T20:45:23+00:00"},{"id":161,"license":1,"file_name":"4055954590_jpg.rf.d8cb655a0c36918f7aa123745b082167.jpg","height":640,"width":640,"date_captured":"2025-03-06T20:45:23+00:00"},{"id":162,"license":1,"file_name":"140066880117_jpg.rf.ee53f03f2dc850fc94e9893deacc21d8.jpg","height":640,"width":640,"date_captured":"2025-03-06T20:45:23+00:00"},{"id":163,"license":1,"file_name":"9029803864_jpg.rf.ddbd61d6ddfacafc22a4748774053d9d.jpg","height":640,"width":640,"date_captured":"2025-03-06T20:45:23+00:00"},{"id":164,"license":1,"file_name":"140117211023_jpg.rf.df4f3df5cf37edec5f6398c835e601d7.jpg","height":640,"width":640,"date_captured":"2025-03-06T20:45:23+00:00"},{"id":165,"license":1,"file_name":"140198833018_jpg.rf.e22080c2abe7c3f32ad14fefa3f72063.jpg","height":640,"width":640,"date_captured":"2025-03-06T20:45:23+00:00"},{"id":166,"license":1,"file_name":"4055788691_jpg.rf.eaf8fe4ff47f5619ea645a9fabd41db6.jpg","height":640,"width":640,"date_captured":"2025-03-06T20:45:23+00:00"},{"id":167,"license":1,"file_name":"140280018015_jpg.rf.d1e3a24a705f488334889cb1dcae2b32.jpg","height":640,"width":640,"date_captured":"2025-03-06T20:45:23+00:00"},{"id":168,"license":1,"file_name":"8588078226103_jpg.rf.eac84521f12bbbb734ba4798c2384ad0.jpg","height":640,"width":640,"date_captured":"2025-03-06T20:45:23+00:00"},{"id":169,"license":1,"file_name":"4055954582_jpg.rf.d649ee35c3097a67f13d855334fb9980.jpg","height":640,"width":640,"date_captured":"2025-03-06T20:45:23+00:00"},{"id":170,"license":1,"file_name":"4055785721_jpg.rf.e976c7cfc2d5db9afe3cba21e55caaa9.jpg","height":640,"width":640,"date_captured":"2025-03-06T20:45:23+00:00"},{"id":171,"license":1,"file_name":"8581173858565_jpg.rf.f034728512f5b2f6c0e7166ef57ae08b.jpg","height":640,"width":640,"date_captured":"2025-03-06T20:45:23+00:00"},{"id":172,"license":1,"file_name":"140219667015_jpg.rf.ca8939f1724f7d531646e454f31f0ce3.jpg","height":640,"width":640,"date_captured":"2025-03-06T20:45:23+00:00"},{"id":173,"license":1,"file_name":"140201757014_jpg.rf.f95eea882809640d896fef94834e2e68.jpg","height":640,"width":640,"date_captured":"2025-03-06T20:45:23+00:00"},{"id":174,"license":1,"file_name":"140200490021_jpg.rf.f2538fa2343063490b226e55b098899d.jpg","height":640,"width":640,"date_captured":"2025-03-06T20:45:23+00:00"},{"id":175,"license":1,"file_name":"140196532380_jpg.rf.f7aa6b1cb12d404f57976289b45b061c.jpg","height":640,"width":640,"date_captured":"2025-03-06T20:45:23+00:00"},{"id":176,"license":1,"file_name":"140239319027_jpg.rf.da48ad82424983bf83ad16956fb9bfc5.jpg","height":640,"width":640,"date_captured":"2025-03-06T20:45:23+00:00"},{"id":177,"license":1,"file_name":"9029803641_jpg.rf.f140f92112b8fe59f514a8c18d6c70c1.jpg","height":640,"width":640,"date_captured":"2025-03-06T20:45:23+00:00"},{"id":178,"license":1,"file_name":"8582651087610_jpg.rf.e7521a05fc6b6db15ca8e3a9456c3457.jpg","height":640,"width":640,"date_captured":"2025-03-06T20:45:23+00:00"},{"id":179,"license":1,"file_name":"4055791240_jpg.rf.f14a51728b9286f3469d8ec42d310d80.jpg","height":640,"width":640,"date_captured":"2025-03-06T20:45:23+00:00"},{"id":180,"license":1,"file_name":"140220588028_jpg.rf.e05ec1e0a37a399919e9d39109fd0ea7.jpg","height":640,"width":640,"date_captured":"2025-03-06T20:45:23+00:00"},{"id":181,"license":1,"file_name":"140117211049_jpg.rf.f31954fb28b348151a13a648d03ec740.jpg","height":640,"width":640,"date_captured":"2025-03-06T20:45:23+00:00"},{"id":182,"license":1,"file_name":"140236837013_jpg.rf.dcbbdadc5b1c9b093981ac0f7fb26cf2.jpg","height":640,"width":640,"date_captured":"2025-03-06T20:45:23+00:00"},{"id":183,"license":1,"file_name":"4055788261_jpg.rf.f471192f4e3d30fe3aee4a8950d12c4f.jpg","height":640,"width":640,"date_captured":"2025-03-06T20:45:23+00:00"},{"id":184,"license":1,"file_name":"140271793014_jpg.rf.e6cee958ee52e6c0a9f0bdbbaf224825.jpg","height":640,"width":640,"date_captured":"2025-03-06T20:45:23+00:00"},{"id":185,"license":1,"file_name":"140223957014_jpg.rf.ef3ab7f0cdd23f188e71687a946f5ce2.jpg","height":640,"width":640,"date_captured":"2025-03-06T20:45:23+00:00"},{"id":186,"license":1,"file_name":"4055961959_jpg.rf.fb3bb6d898182b92a124857742c54a0e.jpg","height":640,"width":640,"date_captured":"2025-03-06T20:45:23+00:00"},{"id":187,"license":1,"file_name":"140217154016_jpg.rf.feb074fed76a9070ceb833de2a62f532.jpg","height":640,"width":640,"date_captured":"2025-03-06T20:45:23+00:00"},{"id":188,"license":1,"file_name":"8583581993620_jpg.rf.ff1a94f0e9a4c39a537603aaa9d2bac7.jpg","height":640,"width":640,"date_captured":"2025-03-06T20:45:23+00:00"},{"id":189,"license":1,"file_name":"8585551135470_jpg.rf.f2900c09187a9a8163c9dadd34d744d7.jpg","height":640,"width":640,"date_captured":"2025-03-06T20:45:23+00:00"},{"id":190,"license":1,"file_name":"4055806097_jpg.rf.fbb69dc1636773d04fed8c634da204e3.jpg","height":640,"width":640,"date_captured":"2025-03-06T20:45:23+00:00"},{"id":191,"license":1,"file_name":"8582651087578_jpg.rf.fc8effa5ab07bf80ef747b9fbe91196a.jpg","height":640,"width":640,"date_captured":"2025-03-06T20:45:23+00:00"},{"id":192,"license":1,"file_name":"140188402014_jpg.rf.fde05da92c294a30fcafed0baf903897.jpg","height":640,"width":640,"date_captured":"2025-03-06T20:45:23+00:00"},{"id":193,"license":1,"file_name":"140271639019_jpg.rf.fd645fc014448aca868ce4ae33fa9532.jpg","height":640,"width":640,"date_captured":"2025-03-06T20:45:23+00:00"},{"id":194,"license":1,"file_name":"8582432976073_jpg.rf.f7ad082e42897bc046861e64855a69ec.jpg","height":640,"width":640,"date_captured":"2025-03-06T20:45:23+00:00"},{"id":195,"license":1,"file_name":"140271974010_jpg.rf.fd8e3b9aa60a7f04a8d4800dcc220eac.jpg","height":640,"width":640,"date_captured":"2025-03-06T20:45:23+00:00"},{"id":196,"license":1,"file_name":"140169631201_jpg.rf.fe7336977909af88398a1c232b518931.jpg","height":640,"width":640,"date_captured":"2025-03-06T20:45:23+00:00"}],"annotations":[{"id":0,"image_id":0,"category_id":1,"bbox":[298,173,80,120],"area":9600,"segmentation":[],"iscrowd":0},{"id":1,"image_id":1,"category_id":1,"bbox":[288,468,47,172],"area":8084,"segmentation":[],"iscrowd":0},{"id":2,"image_id":2,"category_id":1,"bbox":[232,114,65,158.5],"area":10302.5,"segmentation":[],"iscrowd":0},{"id":3,"image_id":3,"category_id":1,"bbox":[330,303,60,162],"area":9720,"segmentation":[],"iscrowd":0},{"id":4,"image_id":4,"category_id":1,"bbox":[346,255,79.5,95],"area":7552.5,"segmentation":[],"iscrowd":0},{"id":5,"image_id":5,"category_id":1,"bbox":[243,248,64.5,124.5],"area":8030.25,"segmentation":[],"iscrowd":0},{"id":6,"image_id":6,"category_id":1,"bbox":[201,352,86.5,122],"area":10553,"segmentation":[],"iscrowd":0},{"id":7,"image_id":7,"category_id":1,"bbox":[346,299,65.5,122.5],"area":8023.75,"segmentation":[],"iscrowd":0},{"id":8,"image_id":8,"category_id":1,"bbox":[362,359,63,110.5],"area":6961.5,"segmentation":[],"iscrowd":0},{"id":9,"image_id":9,"category_id":1,"bbox":[312,401,60.5,188.5],"area":11404.25,"segmentation":[],"iscrowd":0},{"id":10,"image_id":10,"category_id":1,"bbox":[254,207,79,82.5],"area":6517.5,"segmentation":[],"iscrowd":0},{"id":11,"image_id":11,"category_id":1,"bbox":[371,65,75.5,245.5],"area":18535.25,"segmentation":[],"iscrowd":0},{"id":12,"image_id":12,"category_id":1,"bbox":[261,285,57,123.5],"area":7039.5,"segmentation":[],"iscrowd":0},{"id":13,"image_id":13,"category_id":1,"bbox":[251,202,64.5,115.5],"area":7449.75,"segmentation":[],"iscrowd":0},{"id":14,"image_id":14,"category_id":1,"bbox":[354,6,58,595.5],"area":34539,"segmentation":[],"iscrowd":0},{"id":15,"image_id":15,"category_id":1,"bbox":[372,327,71.5,114.5],"area":8186.75,"segmentation":[],"iscrowd":0},{"id":16,"image_id":16,"category_id":1,"bbox":[265,216,71,124.5],"area":8839.5,"segmentation":[],"iscrowd":0},{"id":17,"image_id":17,"category_id":1,"bbox":[357,7,61.5,632],"area":38868,"segmentation":[],"iscrowd":0},{"id":18,"image_id":18,"category_id":1,"bbox":[375,144,64.5,131.5],"area":8481.75,"segmentation":[],"iscrowd":0},{"id":19,"image_id":19,"category_id":1,"bbox":[352,318,74.5,77.5],"area":5773.75,"segmentation":[],"iscrowd":0},{"id":20,"image_id":20,"category_id":1,"bbox":[292,189,62,163.5],"area":10137,"segmentation":[],"iscrowd":0},{"id":21,"image_id":21,"category_id":1,"bbox":[207,379,71,261],"area":18531,"segmentation":[],"iscrowd":0},{"id":22,"image_id":22,"category_id":1,"bbox":[317,471,40.5,169],"area":6844.5,"segmentation":[],"iscrowd":0},{"id":23,"image_id":23,"category_id":1,"bbox":[288,268,75,135],"area":10125,"segmentation":[],"iscrowd":0},{"id":24,"image_id":24,"category_id":1,"bbox":[304,293,60.5,114.5],"area":6927.25,"segmentation":[],"iscrowd":0},{"id":25,"image_id":25,"category_id":1,"bbox":[337,124,64.5,173.5],"area":11190.75,"segmentation":[],"iscrowd":0},{"id":26,"image_id":26,"category_id":1,"bbox":[302,248,68.5,135.5],"area":9281.75,"segmentation":[],"iscrowd":0},{"id":27,"image_id":27,"category_id":1,"bbox":[320,270,67.5,153],"area":10327.5,"segmentation":[],"iscrowd":0},{"id":28,"image_id":28,"category_id":1,"bbox":[306,282,101,97.5],"area":9847.5,"segmentation":[],"iscrowd":0},{"id":29,"image_id":29,"category_id":1,"bbox":[203,45,63.5,241],"area":15303.5,"segmentation":[],"iscrowd":0},{"id":30,"image_id":30,"category_id":1,"bbox":[210,319,74,122.5],"area":9065,"segmentation":[],"iscrowd":0},{"id":31,"image_id":31,"category_id":1,"bbox":[357,282,79,94],"area":7426,"segmentation":[],"iscrowd":0},{"id":32,"image_id":32,"category_id":1,"bbox":[294,169,85,141.5],"area":12027.5,"segmentation":[],"iscrowd":0},{"id":33,"image_id":33,"category_id":1,"bbox":[257,178,62,330.5],"area":20491,"segmentation":[],"iscrowd":0},{"id":34,"image_id":34,"category_id":1,"bbox":[374,361,64.5,98],"area":6321,"segmentation":[],"iscrowd":0},{"id":35,"image_id":35,"category_id":1,"bbox":[297,331,66,95.5],"area":6303,"segmentation":[],"iscrowd":0},{"id":36,"image_id":36,"category_id":1,"bbox":[299,266,81,78],"area":6318,"segmentation":[],"iscrowd":0},{"id":37,"image_id":37,"category_id":1,"bbox":[225,256,60,236.5],"area":14190,"segmentation":[],"iscrowd":0},{"id":38,"image_id":38,"category_id":1,"bbox":[308,254,64,287],"area":18368,"segmentation":[],"iscrowd":0},{"id":39,"image_id":39,"category_id":1,"bbox":[327,221,67.5,123],"area":8302.5,"segmentation":[],"iscrowd":0},{"id":40,"image_id":40,"category_id":1,"bbox":[212,365,63.5,102],"area":6477,"segmentation":[],"iscrowd":0},{"id":41,"image_id":41,"category_id":1,"bbox":[293,61,74.5,180],"area":13410,"segmentation":[],"iscrowd":0},{"id":42,"image_id":42,"category_id":1,"bbox":[224,310,62.5,251.5],"area":15718.75,"segmentation":[],"iscrowd":0},{"id":43,"image_id":43,"category_id":1,"bbox":[209,123,73,144],"area":10512,"segmentation":[],"iscrowd":0},{"id":44,"image_id":44,"category_id":1,"bbox":[287,315,59.5,88.5],"area":5265.75,"segmentation":[],"iscrowd":0},{"id":45,"image_id":45,"category_id":1,"bbox":[193,276,195,88],"area":17160,"segmentation":[],"iscrowd":0},{"id":46,"image_id":46,"category_id":1,"bbox":[239,0,62.5,185],"area":11562.5,"segmentation":[],"iscrowd":0},{"id":47,"image_id":47,"category_id":1,"bbox":[239,327,57.5,274.5],"area":15783.75,"segmentation":[],"iscrowd":0},{"id":48,"image_id":48,"category_id":1,"bbox":[232,374,61.5,88],"area":5412,"segmentation":[],"iscrowd":0},{"id":49,"image_id":49,"category_id":1,"bbox":[234,357,68,112.5],"area":7650,"segmentation":[],"iscrowd":0},{"id":50,"image_id":50,"category_id":1,"bbox":[193,223,78,89],"area":6942,"segmentation":[],"iscrowd":0},{"id":51,"image_id":51,"category_id":1,"bbox":[345,265,61.5,217],"area":13345.5,"segmentation":[],"iscrowd":0},{"id":52,"image_id":52,"category_id":1,"bbox":[291,359,64,105],"area":6720,"segmentation":[],"iscrowd":0},{"id":53,"image_id":53,"category_id":1,"bbox":[265,210,58.5,132],"area":7722,"segmentation":[],"iscrowd":0},{"id":54,"image_id":54,"category_id":1,"bbox":[305,246,60,93.5],"area":5610,"segmentation":[],"iscrowd":0},{"id":55,"image_id":55,"category_id":1,"bbox":[368,258,69.5,159.5],"area":11085.25,"segmentation":[],"iscrowd":0},{"id":56,"image_id":56,"category_id":1,"bbox":[346,319,61.5,116],"area":7134,"segmentation":[],"iscrowd":0},{"id":57,"image_id":57,"category_id":1,"bbox":[211,337,61.5,87],"area":5350.5,"segmentation":[],"iscrowd":0},{"id":58,"image_id":58,"category_id":1,"bbox":[277,228,57.5,412],"area":23690,"segmentation":[],"iscrowd":0},{"id":59,"image_id":59,"category_id":1,"bbox":[214,417,69,173.5],"area":11971.5,"segmentation":[],"iscrowd":0},{"id":60,"image_id":60,"category_id":1,"bbox":[213,145,66,140],"area":9240,"segmentation":[],"iscrowd":0},{"id":61,"image_id":61,"category_id":1,"bbox":[356,227,62,109],"area":6758,"segmentation":[],"iscrowd":0},{"id":62,"image_id":62,"category_id":1,"bbox":[240,214,68,83],"area":5644,"segmentation":[],"iscrowd":0},{"id":63,"image_id":63,"category_id":1,"bbox":[298,195,68,302],"area":20536,"segmentation":[],"iscrowd":0},{"id":64,"image_id":64,"category_id":1,"bbox":[300,166,62,149],"area":9238,"segmentation":[],"iscrowd":0},{"id":65,"image_id":65,"category_id":1,"bbox":[260,282,135.5,90],"area":12195,"segmentation":[],"iscrowd":0},{"id":66,"image_id":66,"category_id":1,"bbox":[241,311,70,165.5],"area":11585,"segmentation":[],"iscrowd":0},{"id":67,"image_id":67,"category_id":1,"bbox":[314,268,64,97],"area":6208,"segmentation":[],"iscrowd":0},{"id":68,"image_id":68,"category_id":1,"bbox":[292,252,60.5,159],"area":9619.5,"segmentation":[],"iscrowd":0},{"id":69,"image_id":69,"category_id":1,"bbox":[219,65,60.5,178.5],"area":10799.25,"segmentation":[],"iscrowd":0},{"id":70,"image_id":70,"category_id":1,"bbox":[345,166,57.5,146.5],"area":8423.75,"segmentation":[],"iscrowd":0},{"id":71,"image_id":71,"category_id":1,"bbox":[306,352,68,98.5],"area":6698,"segmentation":[],"iscrowd":0},{"id":72,"image_id":72,"category_id":1,"bbox":[242,245,72,137],"area":9864,"segmentation":[],"iscrowd":0},{"id":73,"image_id":73,"category_id":1,"bbox":[283,72,77.5,233.5],"area":18096.25,"segmentation":[],"iscrowd":0},{"id":74,"image_id":74,"category_id":1,"bbox":[334,228,60.5,119.5],"area":7229.75,"segmentation":[],"iscrowd":0},{"id":75,"image_id":75,"category_id":1,"bbox":[194,228,71.5,129.5],"area":9259.25,"segmentation":[],"iscrowd":0},{"id":76,"image_id":76,"category_id":1,"bbox":[252,353,73.5,87.5],"area":6431.25,"segmentation":[],"iscrowd":0},{"id":77,"image_id":77,"category_id":1,"bbox":[295,243,130.5,74],"area":9657,"segmentation":[],"iscrowd":0},{"id":78,"image_id":78,"category_id":1,"bbox":[280,285,76.5,76],"area":5814,"segmentation":[],"iscrowd":0},{"id":79,"image_id":79,"category_id":1,"bbox":[346,152,70,194.5],"area":13615,"segmentation":[],"iscrowd":0},{"id":80,"image_id":80,"category_id":1,"bbox":[214,256,68.5,113],"area":7740.5,"segmentation":[],"iscrowd":0},{"id":81,"image_id":81,"category_id":1,"bbox":[205,256,64,146.5],"area":9376,"segmentation":[],"iscrowd":0},{"id":82,"image_id":82,"category_id":1,"bbox":[284,199,61,229],"area":13969,"segmentation":[],"iscrowd":0},{"id":83,"image_id":83,"category_id":1,"bbox":[204,163,62,127.5],"area":7905,"segmentation":[],"iscrowd":0},{"id":84,"image_id":84,"category_id":1,"bbox":[294,301,72,143],"area":10296,"segmentation":[],"iscrowd":0},{"id":85,"image_id":85,"category_id":1,"bbox":[243,221,86,100],"area":8600,"segmentation":[],"iscrowd":0},{"id":86,"image_id":86,"category_id":1,"bbox":[223,215,94,101],"area":9494,"segmentation":[],"iscrowd":0},{"id":87,"image_id":87,"category_id":1,"bbox":[303,361,63.5,197],"area":12509.5,"segmentation":[],"iscrowd":0},{"id":88,"image_id":88,"category_id":1,"bbox":[353,425,68,201],"area":13668,"segmentation":[],"iscrowd":0},{"id":89,"image_id":89,"category_id":1,"bbox":[290,195,67,144],"area":9648,"segmentation":[],"iscrowd":0},{"id":90,"image_id":90,"category_id":1,"bbox":[195,319,89.5,105],"area":9397.5,"segmentation":[],"iscrowd":0},{"id":91,"image_id":91,"category_id":1,"bbox":[393,251,39.5,389],"area":15365.5,"segmentation":[],"iscrowd":0},{"id":92,"image_id":92,"category_id":1,"bbox":[376,210,62,121.5],"area":7533,"segmentation":[],"iscrowd":0},{"id":93,"image_id":93,"category_id":1,"bbox":[243,315,60.5,136.5],"area":8258.25,"segmentation":[],"iscrowd":0},{"id":94,"image_id":94,"category_id":1,"bbox":[255,183,69.5,212.5],"area":14768.75,"segmentation":[],"iscrowd":0},{"id":95,"image_id":95,"category_id":1,"bbox":[373,363,61.5,253],"area":15559.5,"segmentation":[],"iscrowd":0},{"id":96,"image_id":96,"category_id":1,"bbox":[281,372,65.5,107.5],"area":7041.25,"segmentation":[],"iscrowd":0},{"id":97,"image_id":97,"category_id":1,"bbox":[340,344,67.5,127],"area":8572.5,"segmentation":[],"iscrowd":0},{"id":98,"image_id":98,"category_id":1,"bbox":[352,322,74,85],"area":6290,"segmentation":[],"iscrowd":0},{"id":99,"image_id":99,"category_id":1,"bbox":[354,357,58,240],"area":13920,"segmentation":[],"iscrowd":0},{"id":100,"image_id":100,"category_id":1,"bbox":[249,271,68,111.5],"area":7582,"segmentation":[],"iscrowd":0},{"id":101,"image_id":101,"category_id":1,"bbox":[212,180,66,92.5],"area":6105,"segmentation":[],"iscrowd":0},{"id":102,"image_id":102,"category_id":1,"bbox":[248,374,70,154],"area":10780,"segmentation":[],"iscrowd":0},{"id":103,"image_id":103,"category_id":1,"bbox":[217,81,61,334.5],"area":20404.5,"segmentation":[],"iscrowd":0},{"id":104,"image_id":104,"category_id":1,"bbox":[327,152,68.5,136],"area":9316,"segmentation":[],"iscrowd":0},{"id":105,"image_id":105,"category_id":1,"bbox":[336,260,71,96.5],"area":6851.5,"segmentation":[],"iscrowd":0},{"id":106,"image_id":106,"category_id":1,"bbox":[268,94,88.5,165],"area":14602.5,"segmentation":[],"iscrowd":0},{"id":107,"image_id":107,"category_id":1,"bbox":[287,295,80.5,85],"area":6842.5,"segmentation":[],"iscrowd":0},{"id":108,"image_id":108,"category_id":1,"bbox":[300,272,68.5,112.5],"area":7706.25,"segmentation":[],"iscrowd":0},{"id":109,"image_id":109,"category_id":1,"bbox":[288,195,70,122],"area":8540,"segmentation":[],"iscrowd":0},{"id":110,"image_id":110,"category_id":1,"bbox":[289,207,99.5,109],"area":10845.5,"segmentation":[],"iscrowd":0},{"id":111,"image_id":111,"category_id":1,"bbox":[244,325,59,135],"area":7965,"segmentation":[],"iscrowd":0},{"id":112,"image_id":112,"category_id":1,"bbox":[236,342,64.5,157],"area":10126.5,"segmentation":[],"iscrowd":0},{"id":113,"image_id":113,"category_id":1,"bbox":[305,218,64.5,187.5],"area":12093.75,"segmentation":[],"iscrowd":0},{"id":114,"image_id":114,"category_id":1,"bbox":[269,345,64.5,147],"area":9481.5,"segmentation":[],"iscrowd":0},{"id":115,"image_id":115,"category_id":1,"bbox":[359,177,63.5,126.5],"area":8032.75,"segmentation":[],"iscrowd":0},{"id":116,"image_id":116,"category_id":1,"bbox":[230,177,72,99],"area":7128,"segmentation":[],"iscrowd":0},{"id":117,"image_id":117,"category_id":1,"bbox":[228,241,80,128],"area":10240,"segmentation":[],"iscrowd":0},{"id":118,"image_id":118,"category_id":1,"bbox":[322,213,70.5,105.5],"area":7437.75,"segmentation":[],"iscrowd":0},{"id":119,"image_id":119,"category_id":1,"bbox":[334,257,67,107.5],"area":7202.5,"segmentation":[],"iscrowd":0},{"id":120,"image_id":120,"category_id":1,"bbox":[230,30,64,196],"area":12544,"segmentation":[],"iscrowd":0},{"id":121,"image_id":121,"category_id":1,"bbox":[200,401,75.5,137],"area":10343.5,"segmentation":[],"iscrowd":0},{"id":122,"image_id":122,"category_id":1,"bbox":[272,346,59,147],"area":8673,"segmentation":[],"iscrowd":0},{"id":123,"image_id":123,"category_id":1,"bbox":[213,264,74,93.5],"area":6919,"segmentation":[],"iscrowd":0},{"id":124,"image_id":124,"category_id":1,"bbox":[315,339,59,128],"area":7552,"segmentation":[],"iscrowd":0},{"id":125,"image_id":125,"category_id":1,"bbox":[309,236,160.5,91.5],"area":14685.75,"segmentation":[],"iscrowd":0},{"id":126,"image_id":126,"category_id":1,"bbox":[282,122,68,210],"area":14280,"segmentation":[],"iscrowd":0},{"id":127,"image_id":127,"category_id":1,"bbox":[232,151,67,137],"area":9179,"segmentation":[],"iscrowd":0},{"id":128,"image_id":128,"category_id":1,"bbox":[319,286,126.5,96.5],"area":12207.25,"segmentation":[],"iscrowd":0},{"id":129,"image_id":129,"category_id":1,"bbox":[210,199,62,216.5],"area":13423,"segmentation":[],"iscrowd":0},{"id":130,"image_id":130,"category_id":1,"bbox":[260,220,55.5,101.5],"area":5633.25,"segmentation":[],"iscrowd":0},{"id":131,"image_id":131,"category_id":1,"bbox":[193,195,89.5,126.5],"area":11321.75,"segmentation":[],"iscrowd":0},{"id":132,"image_id":132,"category_id":1,"bbox":[332,85,65.5,336],"area":22008,"segmentation":[],"iscrowd":0},{"id":133,"image_id":133,"category_id":1,"bbox":[370,151,72,130],"area":9360,"segmentation":[],"iscrowd":0},{"id":134,"image_id":134,"category_id":1,"bbox":[224,240,60,134.5],"area":8070,"segmentation":[],"iscrowd":0},{"id":135,"image_id":135,"category_id":1,"bbox":[284,322,62,242.5],"area":15035,"segmentation":[],"iscrowd":0},{"id":136,"image_id":136,"category_id":1,"bbox":[354,332,66.5,117],"area":7780.5,"segmentation":[],"iscrowd":0},{"id":137,"image_id":137,"category_id":1,"bbox":[258,336,58.5,186.5],"area":10910.25,"segmentation":[],"iscrowd":0},{"id":138,"image_id":138,"category_id":1,"bbox":[291,324,63.5,136],"area":8636,"segmentation":[],"iscrowd":0},{"id":139,"image_id":139,"category_id":1,"bbox":[300,94,66.5,186],"area":12369,"segmentation":[],"iscrowd":0},{"id":140,"image_id":140,"category_id":1,"bbox":[355,275,88,109.5],"area":9636,"segmentation":[],"iscrowd":0},{"id":141,"image_id":141,"category_id":1,"bbox":[222,224,65,97],"area":6305,"segmentation":[],"iscrowd":0},{"id":142,"image_id":142,"category_id":1,"bbox":[280,392,59,121],"area":7139,"segmentation":[],"iscrowd":0},{"id":143,"image_id":143,"category_id":1,"bbox":[237,297,73,128],"area":9344,"segmentation":[],"iscrowd":0},{"id":144,"image_id":144,"category_id":1,"bbox":[237,77,59.5,162.5],"area":9668.75,"segmentation":[],"iscrowd":0},{"id":145,"image_id":145,"category_id":1,"bbox":[307,342,60,138.5],"area":8310,"segmentation":[],"iscrowd":0},{"id":146,"image_id":146,"category_id":1,"bbox":[322,199,67,118],"area":7906,"segmentation":[],"iscrowd":0},{"id":147,"image_id":147,"category_id":1,"bbox":[199,293,67.5,264.5],"area":17853.75,"segmentation":[],"iscrowd":0},{"id":148,"image_id":148,"category_id":1,"bbox":[366,254,75,122],"area":9150,"segmentation":[],"iscrowd":0},{"id":149,"image_id":149,"category_id":1,"bbox":[216,309,67,214],"area":14338,"segmentation":[],"iscrowd":0},{"id":150,"image_id":150,"category_id":1,"bbox":[309,150,69,148.5],"area":10246.5,"segmentation":[],"iscrowd":0},{"id":151,"image_id":151,"category_id":1,"bbox":[224,185,71.5,106],"area":7579,"segmentation":[],"iscrowd":0},{"id":152,"image_id":152,"category_id":1,"bbox":[296,88,64,156.5],"area":10016,"segmentation":[],"iscrowd":0},{"id":153,"image_id":153,"category_id":1,"bbox":[310,352,69,93],"area":6417,"segmentation":[],"iscrowd":0},{"id":154,"image_id":154,"category_id":1,"bbox":[279,395,65.5,191.5],"area":12543.25,"segmentation":[],"iscrowd":0},{"id":155,"image_id":155,"category_id":1,"bbox":[333,445,56,195],"area":10920,"segmentation":[],"iscrowd":0},{"id":156,"image_id":156,"category_id":1,"bbox":[339,259,74.5,146.5],"area":10914.25,"segmentation":[],"iscrowd":0},{"id":157,"image_id":157,"category_id":1,"bbox":[228,268,76.5,113.5],"area":8682.75,"segmentation":[],"iscrowd":0},{"id":158,"image_id":158,"category_id":1,"bbox":[305,239,143,87.5],"area":12512.5,"segmentation":[],"iscrowd":0},{"id":159,"image_id":159,"category_id":1,"bbox":[244,0,62,189],"area":11718,"segmentation":[],"iscrowd":0},{"id":160,"image_id":160,"category_id":1,"bbox":[303,357,67.5,167.5],"area":11306.25,"segmentation":[],"iscrowd":0},{"id":161,"image_id":161,"category_id":1,"bbox":[298,268,59.5,143.5],"area":8538.25,"segmentation":[],"iscrowd":0},{"id":162,"image_id":162,"category_id":1,"bbox":[215,159,70.5,173],"area":12196.5,"segmentation":[],"iscrowd":0},{"id":163,"image_id":163,"category_id":1,"bbox":[211,288,134.5,90.5],"area":12172.25,"segmentation":[],"iscrowd":0},{"id":164,"image_id":164,"category_id":1,"bbox":[318,347,75.5,88.5],"area":6681.75,"segmentation":[],"iscrowd":0},{"id":165,"image_id":165,"category_id":1,"bbox":[373,303,78,106],"area":8268,"segmentation":[],"iscrowd":0},{"id":166,"image_id":166,"category_id":1,"bbox":[298,212,74.5,109],"area":8120.5,"segmentation":[],"iscrowd":0},{"id":167,"image_id":167,"category_id":1,"bbox":[233,238,58,101.5],"area":5887,"segmentation":[],"iscrowd":0},{"id":168,"image_id":168,"category_id":1,"bbox":[354,180,71,113],"area":8023,"segmentation":[],"iscrowd":0},{"id":169,"image_id":169,"category_id":1,"bbox":[306,213,64,180.5],"area":11552,"segmentation":[],"iscrowd":0},{"id":170,"image_id":170,"category_id":1,"bbox":[294,235,116.5,87.5],"area":10193.75,"segmentation":[],"iscrowd":0},{"id":171,"image_id":171,"category_id":1,"bbox":[272,115,67.5,133.5],"area":9011.25,"segmentation":[],"iscrowd":0},{"id":172,"image_id":172,"category_id":1,"bbox":[360,150,78.5,131.5],"area":10322.75,"segmentation":[],"iscrowd":0},{"id":173,"image_id":173,"category_id":1,"bbox":[363,281,77,102.5],"area":7892.5,"segmentation":[],"iscrowd":0},{"id":174,"image_id":174,"category_id":1,"bbox":[249,132,66.5,153],"area":10174.5,"segmentation":[],"iscrowd":0},{"id":175,"image_id":175,"category_id":1,"bbox":[222,236,69.5,136.5],"area":9486.75,"segmentation":[],"iscrowd":0},{"id":176,"image_id":176,"category_id":1,"bbox":[377,379,55.5,157],"area":8713.5,"segmentation":[],"iscrowd":0},{"id":177,"image_id":177,"category_id":1,"bbox":[343,313,67.5,148],"area":9990,"segmentation":[],"iscrowd":0},{"id":178,"image_id":178,"category_id":1,"bbox":[220,105,75,159.5],"area":11962.5,"segmentation":[],"iscrowd":0},{"id":179,"image_id":179,"category_id":1,"bbox":[204,211,64.5,159],"area":10255.5,"segmentation":[],"iscrowd":0},{"id":180,"image_id":180,"category_id":1,"bbox":[288,374,67.5,141],"area":9517.5,"segmentation":[],"iscrowd":0},{"id":181,"image_id":181,"category_id":1,"bbox":[265,340,93.5,101.5],"area":9490.25,"segmentation":[],"iscrowd":0},{"id":182,"image_id":182,"category_id":1,"bbox":[229,379,68,174.5],"area":11866,"segmentation":[],"iscrowd":0},{"id":183,"image_id":183,"category_id":1,"bbox":[250,347,56,128.5],"area":7196,"segmentation":[],"iscrowd":0},{"id":184,"image_id":184,"category_id":1,"bbox":[338,347,62.5,172.5],"area":10781.25,"segmentation":[],"iscrowd":0},{"id":185,"image_id":185,"category_id":1,"bbox":[377,330,70.5,130.5],"area":9200.25,"segmentation":[],"iscrowd":0},{"id":186,"image_id":186,"category_id":1,"bbox":[227,334,60.5,101],"area":6110.5,"segmentation":[],"iscrowd":0},{"id":187,"image_id":187,"category_id":1,"bbox":[275,250,104.5,106],"area":11077,"segmentation":[],"iscrowd":0},{"id":188,"image_id":188,"category_id":1,"bbox":[301,316,62.5,93],"area":5812.5,"segmentation":[],"iscrowd":0},{"id":189,"image_id":189,"category_id":1,"bbox":[215,286,63,118.5],"area":7465.5,"segmentation":[],"iscrowd":0},{"id":190,"image_id":190,"category_id":1,"bbox":[345,253,74,116],"area":8584,"segmentation":[],"iscrowd":0},{"id":191,"image_id":191,"category_id":1,"bbox":[335,138,72.5,148],"area":10730,"segmentation":[],"iscrowd":0},{"id":192,"image_id":192,"category_id":1,"bbox":[228,211,59.5,139.5],"area":8300.25,"segmentation":[],"iscrowd":0},{"id":193,"image_id":193,"category_id":1,"bbox":[321,142,61.5,279.5],"area":17189.25,"segmentation":[],"iscrowd":0},{"id":194,"image_id":194,"category_id":1,"bbox":[304,161,74.5,115.5],"area":8604.75,"segmentation":[],"iscrowd":0},{"id":195,"image_id":195,"category_id":1,"bbox":[226,115,65,208],"area":13520,"segmentation":[],"iscrowd":0},{"id":196,"image_id":196,"category_id":1,"bbox":[232,119,70.5,133],"area":9376.5,"segmentation":[],"iscrowd":0}]}